chemin,class,methode,methode_LOC,methode_CLOC,methode_DC,CC,methode_BC
/Users/hojunhwang/Documents/udem/IFT3913/homework/src/MethodCountData.java,MethodCountData,getClassPath,3,0,0.0,1,0.0
/Users/hojunhwang/Documents/udem/IFT3913/homework/src/MethodCountData.java,MethodCountData,setClassPath,3,0,0.0,1,0.0
/Users/hojunhwang/Documents/udem/IFT3913/homework/src/MethodCountData.java,MethodCountData,getClassName,3,0,0.0,1,0.0
/Users/hojunhwang/Documents/udem/IFT3913/homework/src/MethodCountData.java,MethodCountData,setClassName,3,0,0.0,1,0.0
/Users/hojunhwang/Documents/udem/IFT3913/homework/src/MethodCountData.java,MethodCountData,getMethodName,3,0,0.0,1,0.0
/Users/hojunhwang/Documents/udem/IFT3913/homework/src/MethodCountData.java,MethodCountData,setMethodName,3,0,0.0,1,0.0
/Users/hojunhwang/Documents/udem/IFT3913/homework/src/MethodCountData.java,MethodCountData,getCountLineOfCode,3,0,0.0,1,0.0
/Users/hojunhwang/Documents/udem/IFT3913/homework/src/MethodCountData.java,MethodCountData,setCountLineOfCode,3,0,0.0,1,0.0
/Users/hojunhwang/Documents/udem/IFT3913/homework/src/MethodCountData.java,MethodCountData,getCountLineOfComment,3,0,0.0,1,0.0
/Users/hojunhwang/Documents/udem/IFT3913/homework/src/MethodCountData.java,MethodCountData,setCountLineOfComment,3,0,0.0,1,0.0
/Users/hojunhwang/Documents/udem/IFT3913/homework/src/MethodCountData.java,MethodCountData,getDensity,3,0,0.0,1,0.0
/Users/hojunhwang/Documents/udem/IFT3913/homework/src/MethodCountData.java,MethodCountData,setDensity,3,0,0.0,1,0.0
/Users/hojunhwang/Documents/udem/IFT3913/homework/src/MethodCountData.java,MethodCountData,getCyclomaticComplexity,3,0,0.0,1,0.0
/Users/hojunhwang/Documents/udem/IFT3913/homework/src/MethodCountData.java,MethodCountData,setCyclomaticComplexity,3,0,0.0,1,0.0
/Users/hojunhwang/Documents/udem/IFT3913/homework/src/MethodCountData.java,MethodCountData,getMethodBc,3,0,0.0,1,0.0
/Users/hojunhwang/Documents/udem/IFT3913/homework/src/MethodCountData.java,MethodCountData,setMethodBc,3,0,0.0,1,0.0
/Users/hojunhwang/Documents/udem/IFT3913/homework/src/MethodCountData.java,MethodCountData,toString,10,0,0.0,1,0.0
/Users/hojunhwang/Documents/udem/IFT3913/homework/src/MethodCountData.java,MethodCountData,compareTo,7,3,0.42857143,1,0.42857143
/Users/hojunhwang/Documents/udem/IFT3913/homework/src/ClassCountData.java,ClassCountData,getCountLineOfCode,3,0,0.0,1,0.0
/Users/hojunhwang/Documents/udem/IFT3913/homework/src/ClassCountData.java,ClassCountData,setCountLineOfCode,3,0,0.0,1,0.0
/Users/hojunhwang/Documents/udem/IFT3913/homework/src/ClassCountData.java,ClassCountData,getCountLineOfComment,3,0,0.0,1,0.0
/Users/hojunhwang/Documents/udem/IFT3913/homework/src/ClassCountData.java,ClassCountData,setCountLineOfComment,3,0,0.0,1,0.0
/Users/hojunhwang/Documents/udem/IFT3913/homework/src/ClassCountData.java,ClassCountData,getClassName,3,0,0.0,1,0.0
/Users/hojunhwang/Documents/udem/IFT3913/homework/src/ClassCountData.java,ClassCountData,setClassName,3,0,0.0,1,0.0
/Users/hojunhwang/Documents/udem/IFT3913/homework/src/ClassCountData.java,ClassCountData,getClassPath,3,0,0.0,1,0.0
/Users/hojunhwang/Documents/udem/IFT3913/homework/src/ClassCountData.java,ClassCountData,setClassPath,3,0,0.0,1,0.0
/Users/hojunhwang/Documents/udem/IFT3913/homework/src/ClassCountData.java,ClassCountData,getDensity,3,0,0.0,1,0.0
/Users/hojunhwang/Documents/udem/IFT3913/homework/src/ClassCountData.java,ClassCountData,setDensity,3,0,0.0,1,0.0
/Users/hojunhwang/Documents/udem/IFT3913/homework/src/ClassCountData.java,ClassCountData,getWmc,3,0,0.0,1,0.0
/Users/hojunhwang/Documents/udem/IFT3913/homework/src/ClassCountData.java,ClassCountData,setWmc,3,0,0.0,1,0.0
/Users/hojunhwang/Documents/udem/IFT3913/homework/src/ClassCountData.java,ClassCountData,getClassBc,3,0,0.0,1,0.0
/Users/hojunhwang/Documents/udem/IFT3913/homework/src/ClassCountData.java,ClassCountData,setClassBc,3,0,0.0,1,0.0
/Users/hojunhwang/Documents/udem/IFT3913/homework/src/ClassCountData.java,ClassCountData,toString,9,0,0.0,1,0.0
/Users/hojunhwang/Documents/udem/IFT3913/homework/src/ClassCountData.java,ClassCountData,compareTo,7,3,0.42857143,1,0.42857143
/Users/hojunhwang/Documents/udem/IFT3913/homework/src/ClassCounter.java,ClassCounter,getData,16,0,0.0,2,0.0
/Users/hojunhwang/Documents/udem/IFT3913/homework/src/ClassCounter.java,ClassCounter,generatedDataByDirectory,14,0,0.0,3,0.0
/Users/hojunhwang/Documents/udem/IFT3913/homework/src/ClassCounter.java,ClassCounter,generateData,37,0,0.0,9,0.0
/Users/hojunhwang/Documents/udem/IFT3913/homework/src/Counter.java,Counter,run,11,0,0.0,1,0.0
/Users/hojunhwang/Documents/udem/IFT3913/homework/src/Counter.java,Counter,writeClassCSV,31,0,0.0,2,0.0
/Users/hojunhwang/Documents/udem/IFT3913/homework/src/Counter.java,Counter,writeMethodCSV,33,0,0.0,2,0.0
/Users/hojunhwang/Documents/udem/IFT3913/homework/src/Counter.java,Counter,getChart,18,1,0.055555556,1,0.055555556
/Users/hojunhwang/Documents/udem/IFT3913/homework/src/Main.java,Main,main,14,0,0.0,3,0.0
/Users/hojunhwang/Documents/udem/IFT3913/homework/src/ClassChart.java,ClassChart,getChart,11,8,0.72727275,1,0.72727275
/Users/hojunhwang/Documents/udem/IFT3913/homework/src/ClassChart.java,ClassChart,getDataSet,23,2,0.08695652,1,0.08695652
/Users/hojunhwang/Documents/udem/IFT3913/homework/src/ClassChart.java,ClassChart,run,7,0,0.0,1,0.0
/Users/hojunhwang/Documents/udem/IFT3913/homework/src/MethodCounter.java,MethodCounter,getData,14,0,0.0,2,0.0
/Users/hojunhwang/Documents/udem/IFT3913/homework/src/MethodCounter.java,MethodCounter,generatedDataByDirectory,13,0,0.0,3,0.0
/Users/hojunhwang/Documents/udem/IFT3913/homework/src/MethodCounter.java,MethodCounter,braceIsValid,5,0,0.0,1,0.0
/Users/hojunhwang/Documents/udem/IFT3913/homework/src/MethodCounter.java,MethodCounter,generateData,75,0,0.0,15,0.0
